{
    "accounts": {

    },
    "lastpayout": 1506261774,
    "voters": {
        "2049915653460335146R" : 80,
	"13384147290293915764R" : 90
    },
    "riseperday": 342.17600000000004,
    "weight": 570495.52347794
}
