{
    "riseperday": 337.89880000000005,
    "weight": 555984.87923036,
    "lastpayout": 1506191402,
    "accounts": {
        "8173012767869524237R": {
            "share": 1.842267512456243,
            "riseperday": 6.224999817379496,
            "pending": 0.0,
            "balance": 10242.72880423,
            "received": 18.774548219452548
        },
        "16897608503699212920R": {
            "share": 4.5608995644418435,
            "riseperday": 15.41122489745422,
            "pending": 0.0,
            "balance": 25357.91193518,
            "received": 372.58848556907
        },
        "10184143919957527573R": {
            "share": 17.62121257219439,
            "riseperday": 59.54186582689398,
            "pending": 0.0,
            "balance": 97971.27743844,
            "received": 1439.5392252632614
        },
        "4210188510806271430R": {
            "share": 45.31549512901433,
            "riseperday": 153.1205142549979,
            "pending": 0.0,
            "balance": 251947.30086569,
            "received": 953.7402079282389
        },
        "9075262777366226787R": {
            "share": 12.43542058864586,
            "riseperday": 42.01913694398729,
            "pending": 0.0,
            "balance": 69139.05814157,
            "received": 378.09246445489475
        },
        "17132806064168748660R": {
            "share": 18.22470463324733,
            "riseperday": 61.58105825928714,
            "pending": 0.0,
            "balance": 101326.60204525,
            "received": 1389.2312428205673
        }
    },
    "voters": [
        "17132806064168748660R",
        "16897608503699212920R",
        "10184143919957527573R",
        "9075262777366226787R",
        "4210188510806271430R",
        "8173012767869524237R"
    ]
}